Date,Description,Amount,Type
31-01-2024,UPI/swiggyupi@axb/Refund from AIRTEL PAYMENTS 075121746081/YBL,8430.93,CR
31-01-2024,UPI/swiggyupi@axb/UPIIntent/YES BANK/201002612171/PYTM6360462953971XXXXXXXXXX,1474.35,DR
31-01-2024,UPI/blinkit.payu@hd/Payment from Ph/HDFC BANK/327295268440/ICI2al68c7j6egu,3905.45,DR
31-01-2024,NEFT/AXIS BANK/254022233612/ABB Dividend/Transfer,2207.47,DR
31-01-2024,NEFT/AXIS BANK/141215795867/Mazagon Dock/Transfer,1073.68,DR
31-01-2024,UPI/blinkit.payu@hd/Refund from ICICI BANK 298761447086/PPPL,8238.78,CR
31-01-2024,UPI/paytmqr6cu3by@p/Payment from Ph/HDFC BANK/085590496305/YBLfo3f442hvx3w,1240.54,DR
31-01-2024,NEFT/HDFC BANK/199860085099/HDFC AMC/Transfer,3772.01,DR
31-01-2024,UPI/swiggyupi@axb/UPIIntent/ICICI BANK/231316107963/PPPL4862386098351XXXXXXXXXX,2360.37,DR
31-01-2024,UPI/paytmqr6cu3by@p/UPIIntent/AIRTEL PAYMENTS/886342689937/PYTM5824269353573XXXXXXXXXX,595.37,DR
31-01-2024,UPI/swiggyupi@axb/Payment from Ph/AXIS BANK/051952169273/ICIe7zwkznwq6ef,2164.22,DR
30-01-2024,UPI/gpay-1124412000/Refund from AIRTEL PAYMENTS 862258862430/RBL,8061.68,CR
30-01-2024,UPI/blinkit.payu@hd/Payment from Ph/ICICI BANK/369140164034/YBLn95wk8vqy9kc,1768.74,DR
30-01-2024,UPI/blinkit.payu@hd/Payment from Ph/AXIS BANK/225882608111/AXLa3ssbkrnciw9,3737.3,DR
30-01-2024,UPI/paytmqr6cu3by@p/Payment from Ph/AXIS BANK/944146446163/PPPLv420hh6sck1k,976.15,DR
30-01-2024,UPI/blinkit.payu@hd/Payment for 398/AXIS BANK/820278239329/AXLl3bwxrgsd355,3513.61,DR
30-01-2024,NEFT/HDFC BANK/856493867094/MutualFund/Transfer,2305.41,DR
30-01-2024,UPI/blinkit.payu@hd/Refund from AXIS BANK 548666350599/YBL,6772.83,CR
30-01-2024,UPI/zeptomarketplac/Payment from Ph/AXIS BANK/091008146030/RBLxc5kb37p9bh8,2116.66,DR
30-01-2024,UPI/zeptomarketplac/UPIIntent/HDFC BANK/090924748405/PPPL1666394197020XXXXXXXXXX,903.53,DR
30-01-2024,UPI/zeptomarketplac/Payment for 167/AIRTEL PAYMENTS/393514609074/ICI4hk17m7ksyu5,2393.38,DR
30-01-2024,UPI/blinkit.payu@hd/Payment from Ph/AXIS BANK/007519924237/PPPLpftrtg9zbypp,3311.02,DR
29-01-2024,NEFT/AXIS BANK/616657763804/Zerodha/Transfer,3724.54,DR
29-01-2024,NEFT/HDFC BANK/710455820644/ABB Dividend/Transfer,2782.6,DR
29-01-2024,UPI/gpay-1124412000/Payment for 703/ICICI BANK/955471116733/ICI892fs9v5c4ho,3531.76,DR
29-01-2024,NEFT/ICICI BANK/747056066128/Zerodha/Transfer,1106.8,DR
29-01-2024,UPI/gpay-1124412000/UPIIntent/AIRTEL PAYMENTS/498009781228/PPPL7853650101590XXXXXXXXXX,1809.92,DR
29-01-2024,NEFT-YBL517002732567-HDFC AMC-A/C-wsuxz7z6d9kl-00517002732567-YESB,2626.34,CR
29-01-2024,UPI/swiggyupi@axb/UPIIntent/AXIS BANK/580330097014/PPPL3767126067854XXXXXXXXXX,2799.68,DR
29-01-2024,UPI/paytmqr6cu3by@p/UPIIntent/HDFC BANK/107755920486/PYTM1218180186033XXXXXXXXXX,2542.54,DR
29-01-2024,UPI/zeptomarketplac/Payment from Ph/YES BANK/599399498222/AXLk1q58kgjbgpy,2205.64,DR
29-01-2024,UPI/paytmqr6cu3by@p/Payment for 441/YES BANK/238927469239/AXL9rvrfxajt1dm,2601.42,DR
29-01-2024,UPI/paytmqr6cu3by@p/Payment for 149/ICICI BANK/634651314525/ICI2l4p6017m733,2361.9,DR
28-01-2024,NEFT/ICICI BANK/635848052428/MutualFund/Transfer,967.95,DR
28-01-2024,UPI/paytmqr6cu3by@p/Payment for 280/ICICI BANK/794382081752/PPPLme3eh64ebzpf,2125.87,DR
28-01-2024,UPI/gpay-1124412000/UPIIntent/ICICI BANK/057976270824/PYTM6201730885775XXXXXXXXXX,3723.17,DR
28-01-2024,UPI/swiggyupi@axb/Payment for 678/AXIS BANK/910138385026/RBLigdh4n2l58jb,832.68,DR
28-01-2024,NEFT/ICICI BANK/565028067488/ABB Dividend/Transfer,2785.61,DR
28-01-2024,UPI/gpay-1124412000/UPIIntent/YES BANK/765224017947/PPPL9293360390010XXXXXXXXXX,3010.88,DR
28-01-2024,UPI/zeptomarketplac/Payment from Ph/HDFC BANK/022845349029/PPPL0g2ijceo254n,1638.07,DR
28-01-2024,UPI/blinkit.payu@hd/Payment from Ph/AXIS BANK/511041580540/PPPL7jp7ikg6kcpw,1491.06,DR
28-01-2024,NEFT-AXL945989623561-HDFC AMC-A/C-jitx0bsr66yk-00945989623561-YESB,6540.17,CR
28-01-2024,UPI/swiggyupi@axb/Payment for 658/AIRTEL PAYMENTS/940323370513/RBLelkn3gsw9z0e,2227.73,DR
28-01-2024,ACH/Zerodha 1978/PR6316018AI07,4640.0,CR
27-01-2024,UPI/paytmqr6cu3by@p/Payment for 749/ICICI BANK/827905231849/ICIge4qva80o800,3711.34,DR
27-01-2024,UPI/blinkit.payu@hd/Payment for 645/AXIS BANK/159378903317/RBLx17y8jmyx7v0,2603.83,DR
27-01-2024,UPI/paytmqr6cu3by@p/Payment for 413/YES BANK/417434348305/PPPL45x0t31zfcpq,1975.18,DR
27-01-2024,UPI/blinkit.payu@hd/Payment for 618/AXIS BANK/016010152005/YBLmlyhlo9n7j5b,1186.19,DR
27-01-2024,UPI/swiggyupi@axb/Payment from Ph/YES BANK/565056534045/RBLagvxecvw1zn0,3780.1,DR
27-01-2024,NEFT/ICICI BANK/722823773396/Mazagon Dock/Transfer,2465.11,DR
27-01-2024,NEFT/HDFC BANK/618666196443/MutualFund/Transfer,3888.07,DR
27-01-2024,UPI/zeptomarketplac/UPIIntent/YES BANK/149834656592/PYTM3556948718864XXXXXXXXXX,2099.12,DR
27-01-2024,UPI/gpay-1124412000/Payment from Ph/YES BANK/134815832363/RBLg525vlygy7ku,1648.2,DR
27-01-2024,NEFT/AXIS BANK/135249771337/Zerodha/Transfer,1085.24,DR
27-01-2024,UPI/blinkit.payu@hd/Payment from Ph/YES BANK/663100669558/AXLrlzqufrhnbmf,3352.37,DR
26-01-2024,NEFT/YES BANK/949122045058/ABB Dividend/Transfer,2671.73,DR
26-01-2024,UPI/zeptomarketplac/Payment from Ph/YES BANK/786865503390/YBLlsgihiy0sqkb,1387.7,DR
26-01-2024,UPI/paytmqr6cu3by@p/UPIIntent/YES BANK/333722111562/PPPL8013266350579XXXXXXXXXX,745.39,DR
26-01-2024,UPI/swiggyupi@axb/Refund from HDFC BANK 634850934879/PPPL,4918.93,CR
26-01-2024,NEFT/YES BANK/611578529499/Mazagon Dock/Transfer,2086.34,DR
26-01-2024,UPI/paytmqr6cu3by@p/Payment for 716/AXIS BANK/193295655247/PPPLs7vdy6dqj782,1854.36,DR
26-01-2024,NEFT/YES BANK/377124247693/Mazagon Dock/Transfer,2692.42,DR
26-01-2024,UPI/zeptomarketplac/Payment from Ph/AIRTEL PAYMENTS/062811152733/RBLhkuypmt6wxk4,3672.22,DR
26-01-2024,UPI/zeptomarketplac/UPIIntent/AXIS BANK/375675522829/PYTM2057585348500XXXXXXXXXX,3314.41,DR
26-01-2024,NEFT/HDFC BANK/424259785998/Zerodha/Transfer,1926.58,DR
26-01-2024,ACH/Mazagon Dock 3981/PR2170250AI07,4477.79,CR
25-01-2024,ACH/Zerodha 4548/PR1373430AI07,2610.27,CR
25-01-2024,UPI/blinkit.payu@hd/UPIIntent/ICICI BANK/127390139356/PPPL3017145727852XXXXXXXXXX,3686.28,DR
25-01-2024,UPI/swiggyupi@axb/Payment from Ph/AXIS BANK/150645361902/YBL2hyqe62g5a3s,1640.25,DR
25-01-2024,UPI/gpay-1124412000/UPIIntent/YES BANK/958651205548/PYTM6386463991229XXXXXXXXXX,2224.86,DR
25-01-2024,UPI/swiggyupi@axb/Payment for 743/HDFC BANK/749805098632/RBLez9258lxb8ax,848.31,DR
25-01-2024,UPI/paytmqr6cu3by@p/Payment from Ph/ICICI BANK/375071145601/ICIf0xo9pb6l9qz,3818.73,DR
25-01-2024,NEFT/ICICI BANK/017537518728/Zerodha/Transfer,3196.62,DR
25-01-2024,UPI/gpay-1124412000/Payment for 870/AIRTEL PAYMENTS/041122544868/AXL5uedwglx0p68,2484.52,DR
25-01-2024,UPI/gpay-1124412000/Payment for 978/ICICI BANK/556240183915/AXLqac5ayxfb5g7,1278.05,DR
25-01-2024,UPI/swiggyupi@axb/Payment from Ph/YES BANK/290940742107/YBLs4n4wzqciccz,2368.52,DR
25-01-2024,UPI/gpay-1124412000/Refund from AIRTEL PAYMENTS 036089376682/ICI,3072.92,CR
24-01-2024,UPI/swiggyupi@axb/Payment for 958/YES BANK/291327955720/ICIvcjjc3a6j7ux,3657.45,DR
24-01-2024,UPI/swiggyupi@axb/UPIIntent/YES BANK/399693526163/PYTM3764360653522XXXXXXXXXX,1721.73,DR
24-01-2024,UPI/paytmqr6cu3by@p/UPIIntent/HDFC BANK/788812866450/PPPL6472376046724XXXXXXXXXX,1909.07,DR
24-01-2024,UPI/paytmqr6cu3by@p/Refund from YES BANK 187612333826/AXL,7784.16,CR
24-01-2024,UPI/zeptomarketplac/Payment from Ph/AIRTEL PAYMENTS/226105973214/YBLw08m4c69aj0q,879.62,DR
24-01-2024,UPI/swiggyupi@axb/Payment for 576/AXIS BANK/622619083208/ICIifo7q9xxunvv,1559.62,DR
24-01-2024,UPI/blinkit.payu@hd/Payment for 310/ICICI BANK/665556286209/PPPL58mslruhwpyk,2009.55,DR
24-01-2024,UPI/gpay-1124412000/Payment for 157/HDFC BANK/374061289391/RBLbs9uifb7hsy6,2545.43,DR
24-01-2024,UPI/paytmqr6cu3by@p/Payment for 695/HDFC BANK/141070088060/PPPLd6eixf5pmapm,2566.25,DR
24-01-2024,NEFT/ICICI BANK/271983840349/HDFC AMC/Transfer,3468.18,DR
24-01-2024,NEFT/AXIS BANK/503041385863/MutualFund/Transfer,2217.33,DR
23-01-2024,NEFT/AIRTEL PAYMENTS/463881512580/HDFC AMC/Transfer,904.07,DR
23-01-2024,UPI/gpay-1124412000/Payment from Ph/YES BANK/728435140546/YBL4nyadltwgk5d,2129.39,DR
23-01-2024,UPI/gpay-1124412000/UPIIntent/YES BANK/001976088303/PPPL8032981509920XXXXXXXXXX,780.66,DR
23-01-2024,UPI/gpay-1124412000/Payment from Ph/YES BANK/809219801248/PPPLnby0dxtu3mbq,625.19,DR
23-01-2024,UPI/paytmqr6cu3by@p/Payment from Ph/ICICI BANK/636954091967/ICIq4f33d4w755e,2622.58,DR
23-01-2024,NEFT-RBL952125975956-ABB Dividend-A/C-kc1uvfu4bzlp-00952125975956-YESB,7161.85,CR
23-01-2024,UPI/zeptomarketplac/Payment from Ph/HDFC BANK/035071965563/ICI0wf67htnmeh9,672.24,DR
23-01-2024,UPI/gpay-1124412000/UPIIntent/AXIS BANK/868499472709/PYTM5255746711935XXXXXXXXXX,3209.9,DR
23-01-2024,UPI/paytmqr6cu3by@p/Payment for 839/ICICI BANK/108258320889/PPPLnu0wpr7y7rtk,1350.14,DR
23-01-2024,NEFT/AXIS BANK/165059078077/MutualFund/Transfer,3388.56,DR
23-01-2024,NEFT/YES BANK/816197101507/MutualFund/Transfer,3167.37,DR
22-01-2024,NEFT/AIRTEL PAYMENTS/202945305922/Zerodha/Transfer,1362.34,DR
22-01-2024,UPI/paytmqr6cu3by@p/Payment from Ph/HDFC BANK/633914141139/AXLnl5e05ljhlcp,1722.12,DR
22-01-2024,UPI/blinkit.payu@hd/UPIIntent/AXIS BANK/250595890843/PPPL7597549846062XXXXXXXXXX,1632.12,DR
22-01-2024,UPI/gpay-1124412000/Payment for 107/ICICI BANK/413824843395/ICIg48crhg6o6lw,865.65,DR
22-01-2024,UPI/paytmqr6cu3by@p/Payment from Ph/AXIS BANK/008901194011/AXLo7a59sf7z2tg,1699.05,DR
22-01-2024,UPI/blinkit.payu@hd/Payment from Ph/HDFC BANK/955013290420/YBL3fgop3jxyul2,3861.25,DR
22-01-2024,UPI/swiggyupi@axb/Payment from Ph/YES BANK/553575882811/RBLxwe1ebmc1m63,2680.35,DR
22-01-2024,NEFT/HDFC BANK/451369601721/HDFC AMC/Transfer,3181.63,DR
22-01-2024,UPI/paytmqr6cu3by@p/Payment for 953/AXIS BANK/025938151541/ICIs9a7mxq1spx5,3338.23,DR
22-01-2024,UPI/gpay-1124412000/Payment from Ph/HDFC BANK/431056642926/YBLllq8eym8kkzf,1313.45,DR
22-01-2024,NEFT/YES BANK/063993260678/Mazagon Dock/Transfer,3280.48,DR
21-01-2024,UPI/swiggyupi@axb/Payment from Ph/YES BANK/375988029345/ICI4nw23ni6nfuq,3289.53,DR
21-01-2024,NEFT/ICICI BANK/431197466612/Zerodha/Transfer,3122.9,DR
21-01-2024,UPI/gpay-1124412000/Payment from Ph/ICICI BANK/294535740624/YBLlqhy5xryqssk,1234.32,DR
21-01-2024,UPI/paytmqr6cu3by@p/UPIIntent/AXIS BANK/391467619414/PYTM7349031614543XXXXXXXXXX,784.69,DR
21-01-2024,UPI/swiggyupi@axb/UPIIntent/AXIS BANK/390171254823/PPPL9332575956850XXXXXXXXXX,2197.58,DR
21-01-2024,UPI/blinkit.payu@hd/Payment from Ph/AXIS BANK/266389404593/AXL8yttlsuwd6vh,1824.95,DR
21-01-2024,UPI/blinkit.payu@hd/Payment for 586/ICICI BANK/560175827947/YBLhhg7tvqr08pc,3438.75,DR
21-01-2024,UPI/gpay-1124412000/UPIIntent/AXIS BANK/790992551563/PPPL8140826316770XXXXXXXXXX,3879.22,DR
21-01-2024,NEFT/AIRTEL PAYMENTS/100532490695/MutualFund/Transfer,643.89,DR
21-01-2024,NEFT/AXIS BANK/411883968259/MutualFund/Transfer,1799.04,DR
20-01-2024,UPI/swiggyupi@axb/Payment for 406/HDFC BANK/592314624395/ICIadmgchjqypma,3375.3,DR
20-01-2024,UPI/zeptomarketplac/UPIIntent/AIRTEL PAYMENTS/083978152003/PYTM5110564992778XXXXXXXXXX,1961.7,DR
20-01-2024,NEFT-RBL847126991022-Mazagon Dock-A/C-a6zlkx096xf1-00847126991022-YESB,2571.13,CR
20-01-2024,UPI/swiggyupi@axb/Payment from Ph/AIRTEL PAYMENTS/674766632013/YBLiq90f70ofltj,3139.54,DR
20-01-2024,UPI/gpay-1124412000/UPIIntent/AIRTEL PAYMENTS/362757304178/PPPL6530647504301XXXXXXXXXX,2590.84,DR
20-01-2024,UPI/gpay-1124412000/Payment for 545/AXIS BANK/607820774313/RBLejjryotnc81c,660.44,DR
20-01-2024,UPI/zeptomarketplac/Payment for 883/HDFC BANK/420606768308/ICIufqsbiyloqpf,2957.85,DR
20-01-2024,UPI/paytmqr6cu3by@p/Payment from Ph/HDFC BANK/045256895529/YBLwaclwj4w65q8,851.34,DR
20-01-2024,UPI/zeptomarketplac/Payment from Ph/ICICI BANK/777402783662/ICIkfpozn41ber4,2016.43,DR
20-01-2024,UPI/blinkit.payu@hd/Payment for 127/ICICI BANK/060749579235/ICI05sb2elw4x2g,2506.89,DR
19-01-2024,UPI/paytmqr6cu3by@p/UPIIntent/YES BANK/449931254171/PYTM7972416323000XXXXXXXXXX,1888.01,DR
19-01-2024,UPI/gpay-1124412000/UPIIntent/AXIS BANK/580199646683/PYTM8290408434291XXXXXXXXXX,1655.45,DR
19-01-2024,NEFT/HDFC BANK/147264373336/Zerodha/Transfer,3947.12,DR
19-01-2024,NEFT/HDFC BANK/052920501791/HDFC AMC/Transfer,3278.77,DR
19-01-2024,UPI/blinkit.payu@hd/Payment from Ph/AXIS BANK/382788376505/YBL7i09old572r5,3941.47,DR
19-01-2024,NEFT/AXIS BANK/434337896551/HDFC AMC/Transfer,3163.09,DR
19-01-2024,UPI/blinkit.payu@hd/Payment for 607/AXIS BANK/091796676252/PPPLvwjvsukoo7lv,1105.78,DR
19-01-2024,UPI/paytmqr6cu3by@p/UPIIntent/ICICI BANK/440843240765/PYTM7165018597959XXXXXXXXXX,1355.84,DR
19-01-2024,UPI/paytmqr6cu3by@p/Payment for 663/YES BANK/775129930837/PPPLgfru7mrtmcb1,3851.29,DR
19-01-2024,UPI/blinkit.payu@hd/Refund from ICICI BANK 907591478147/RBL,2214.09,CR
18-01-2024,UPI/zeptomarketplac/UPIIntent/AIRTEL PAYMENTS/012462019166/PPPL7995103270273XXXXXXXXXX,2686.18,DR
18-01-2024,UPI/zeptomarketplac/UPIIntent/AIRTEL PAYMENTS/507155688474/PPPL8622182363318XXXXXXXXXX,2342.37,DR
18-01-2024,UPI/gpay-1124412000/UPIIntent/HDFC BANK/277077220070/PPPL7787012043215XXXXXXXXXX,1541.25,DR
18-01-2024,UPI/paytmqr6cu3by@p/Payment from Ph/HDFC BANK/477958735045/ICInk38h2aaybeq,955.34,DR
18-01-2024,NEFT/YES BANK/376435506279/Zerodha/Transfer,596.14,DR
18-01-2024,NEFT/HDFC BANK/005814527738/Mazagon Dock/Transfer,2348.42,DR
18-01-2024,NEFT/AXIS BANK/698757674755/Mazagon Dock/Transfer,3883.03,DR
18-01-2024,NEFT/AIRTEL PAYMENTS/723579227164/HDFC AMC/Transfer,3893.11,DR
18-01-2024,NEFT/HDFC BANK/353729366478/Zerodha/Transfer,3462.47,DR
18-01-2024,UPI/blinkit.payu@hd/UPIIntent/HDFC BANK/914876182333/PYTM3640472113322XXXXXXXXXX,2034.72,DR
17-01-2024,UPI/swiggyupi@axb/Payment for 133/AIRTEL PAYMENTS/816698456068/PPPLgbl1us8zk2qe,2628.03,DR
17-01-2024,UPI/zeptomarketplac/Refund from AXIS BANK 729978067177/RBL,2532.09,CR
17-01-2024,UPI/zeptomarketplac/Payment for 779/YES BANK/027028941301/ICIpopeixdpa9yv,2657.59,DR
17-01-2024,UPI/paytmqr6cu3by@p/UPIIntent/ICICI BANK/831578554941/PPPL8960275551283XXXXXXXXXX,3338.59,DR
17-01-2024,NEFT/ICICI BANK/882461062799/Mazagon Dock/Transfer,3151.73,DR
17-01-2024,UPI/swiggyupi@axb/UPIIntent/HDFC BANK/114042449422/PPPL1100404465162XXXXXXXXXX,3756.74,DR
17-01-2024,UPI/paytmqr6cu3by@p/Payment from Ph/AXIS BANK/180476331337/PPPLawozjkrqxamu,1441.51,DR
17-01-2024,UPI/zeptomarketplac/Payment from Ph/AXIS BANK/548289984468/AXL8wlc7rj3zh3b,2918.39,DR
17-01-2024,UPI/swiggyupi@axb/Refund from AIRTEL PAYMENTS 063806445127/ICI,2281.21,CR
17-01-2024,UPI/gpay-1124412000/Payment from Ph/YES BANK/004354334628/AXLij5vn537mvw1,2374.66,DR
16-01-2024,UPI/blinkit.payu@hd/Payment for 374/AIRTEL PAYMENTS/881924173971/AXL3h45s07zpjjy,1984.68,DR
16-01-2024,UPI/zeptomarketplac/Payment for 675/YES BANK/535538356681/ICIowy8lleieegg,1711.53,DR
16-01-2024,UPI/paytmqr6cu3by@p/UPIIntent/ICICI BANK/789423304512/PYTM1926205496486XXXXXXXXXX,3003.26,DR
16-01-2024,UPI/gpay-1124412000/Payment for 855/ICICI BANK/295721429294/ICIib4mdnkz01pe,1175.8,DR
16-01-2024,NEFT/YES BANK/790175332240/Mazagon Dock/Transfer,2068.78,DR
16-01-2024,ACH/MutualFund 2928/PR8849878AI07,5703.32,CR
16-01-2024,NEFT/AXIS BANK/833311354640/Zerodha/Transfer,2388.44,DR
16-01-2024,NEFT/AXIS BANK/020966050716/MutualFund/Transfer,3721.66,DR
16-01-2024,UPI/zeptomarketplac/Payment from Ph/AIRTEL PAYMENTS/775593206226/RBLh5bysi4o3wos,3137.65,DR
16-01-2024,UPI/blinkit.payu@hd/UPIIntent/HDFC BANK/481862087583/PYTM6821941694318XXXXXXXXXX,2513.61,DR
15-01-2024,NEFT/AIRTEL PAYMENTS/447619804154/ABB Dividend/Transfer,2674.84,DR
15-01-2024,UPI/gpay-1124412000/Payment from Ph/YES BANK/771256602335/PPPL54uuawtm21rb,3180.86,DR
15-01-2024,UPI/blinkit.payu@hd/Payment for 479/AXIS BANK/661681770448/AXL2b95y3wxtlap,1885.22,DR
15-01-2024,UPI/zeptomarketplac/Payment from Ph/AIRTEL PAYMENTS/395026135541/ICIr47ng0j6uab0,3399.09,DR
15-01-2024,UPI/swiggyupi@axb/Payment from Ph/ICICI BANK/852481752316/AXL76r9c3jsfics,3497.4,DR
15-01-2024,UPI/zeptomarketplac/UPIIntent/HDFC BANK/328129025755/PPPL5918473790641XXXXXXXXXX,765.24,DR
15-01-2024,UPI/blinkit.payu@hd/Payment from Ph/AIRTEL PAYMENTS/303420656798/RBLbjw7di17s2gm,2910.55,DR
15-01-2024,NEFT/AXIS BANK/971524155738/HDFC AMC/Transfer,957.32,DR
15-01-2024,NEFT/HDFC BANK/899931935145/ABB Dividend/Transfer,2486.76,DR
15-01-2024,UPI/paytmqr6cu3by@p/Payment from Ph/YES BANK/779748160154/YBL7u982g9tqioj,2315.08,DR
14-01-2024,UPI/swiggyupi@axb/Payment from Ph/AIRTEL PAYMENTS/541120105268/AXLigrnnlma2dpp,834.33,DR
14-01-2024,UPI/paytmqr6cu3by@p/UPIIntent/AIRTEL PAYMENTS/177868987749/PYTM3462569417829XXXXXXXXXX,1864.2,DR
14-01-2024,UPI/paytmqr6cu3by@p/Payment for 372/AXIS BANK/451472614891/PPPLgftai3oaqlyg,1389.98,DR
14-01-2024,UPI/gpay-1124412000/Payment for 702/ICICI BANK/076201483337/YBLyckl4w2x00go,2407.07,DR
14-01-2024,NEFT/ICICI BANK/313014700570/Zerodha/Transfer,3906.91,DR
14-01-2024,UPI/gpay-1124412000/Payment for 657/YES BANK/634289046784/YBL041zgxlhn507,3551.14,DR
14-01-2024,UPI/gpay-1124412000/Payment for 369/AXIS BANK/428135078289/AXLfpqgzcssobnq,3003.98,DR
14-01-2024,UPI/swiggyupi@axb/Payment for 671/AXIS BANK/271035580774/ICItlb3u873yg57,872.89,DR
14-01-2024,UPI/paytmqr6cu3by@p/Payment from Ph/AXIS BANK/085937577700/AXL61ln90j3tirg,3082.45,DR
14-01-2024,ACH/Zerodha 7245/PR1775465AI07,3578.36,CR
13-01-2024,UPI/gpay-1124412000/Payment from Ph/ICICI BANK/388127678442/RBLg7021agu45ys,548.87,DR
13-01-2024,UPI/swiggyupi@axb/UPIIntent/AIRTEL PAYMENTS/448789734888/PYTM7509614939131XXXXXXXXXX,3354.88,DR
13-01-2024,UPI/swiggyupi@axb/Payment for 376/ICICI BANK/259990989451/ICIr5cvog0s84q5,3048.45,DR
13-01-2024,UPI/paytmqr6cu3by@p/Payment for 130/AXIS BANK/083279348855/PPPLzyqq3t7gh3x0,2912.32,DR
13-01-2024,NEFT/YES BANK/664123035611/ABB Dividend/Transfer,1206.8,DR
13-01-2024,UPI/paytmqr6cu3by@p/UPIIntent/YES BANK/298503095386/PPPL1866329743192XXXXXXXXXX,1190.82,DR
13-01-2024,UPI/swiggyupi@axb/Payment from Ph/AXIS BANK/077615212274/AXLb39rsia6erlc,3440.88,DR
13-01-2024,UPI/paytmqr6cu3by@p/Payment from Ph/YES BANK/665398865834/ICIyc91rsnu1lya,3567.0,DR
13-01-2024,UPI/swiggyupi@axb/Refund from AXIS BANK 758526991498/AXL,4766.96,CR
13-01-2024,UPI/blinkit.payu@hd/UPIIntent/HDFC BANK/519658254213/PPPL8989175134591XXXXXXXXXX,2881.31,DR
12-01-2024,UPI/gpay-1124412000/Refund from YES BANK 747048189992/ICI,3089.41,CR
12-01-2024,UPI/paytmqr6cu3by@p/Payment from Ph/AIRTEL PAYMENTS/502439780822/ICIzwxwjwa9qaez,974.35,DR
12-01-2024,ACH/Mazagon Dock 9229/PR5796139AI07,2319.16,CR
12-01-2024,UPI/zeptomarketplac/Payment for 543/HDFC BANK/449813346911/YBLtwvzniklj9rx,3426.55,DR
12-01-2024,UPI/paytmqr6cu3by@p/Payment from Ph/AXIS BANK/489685354958/PPPLw36ojkp54i90,3762.71,DR
12-01-2024,NEFT/ICICI BANK/822189365738/Mazagon Dock/Transfer,933.88,DR
12-01-2024,UPI/blinkit.payu@hd/Payment from Ph/HDFC BANK/443960355265/YBL90le6thktfub,3360.66,DR
12-01-2024,NEFT/AIRTEL PAYMENTS/753354628111/ABB Dividend/Transfer,2923.55,DR
12-01-2024,UPI/blinkit.payu@hd/Payment for 347/HDFC BANK/398286174780/PPPL4it0xez9rkbv,2680.51,DR
12-01-2024,UPI/paytmqr6cu3by@p/UPIIntent/AIRTEL PAYMENTS/434404411693/PYTM1244015781222XXXXXXXXXX,2658.93,DR
11-01-2024,UPI/zeptomarketplac/Payment from Ph/ICICI BANK/591255823947/RBL19qvs5js9pnn,2860.24,DR
11-01-2024,UPI/swiggyupi@axb/Payment from Ph/HDFC BANK/366743581629/AXLa0afy2l4r746,652.97,DR
11-01-2024,UPI/swiggyupi@axb/UPIIntent/AXIS BANK/761172584469/PYTM1053061378270XXXXXXXXXX,1779.08,DR
11-01-2024,NEFT/ICICI BANK/663623386344/Mazagon Dock/Transfer,3248.22,DR
11-01-2024,UPI/swiggyupi@axb/Payment from Ph/AXIS BANK/065917849335/AXLkptv3vc9x7yv,809.41,DR
11-01-2024,UPI/gpay-1124412000/Payment for 179/AIRTEL PAYMENTS/341182973694/ICIpp3v4eh9b9bu,3272.11,DR
11-01-2024,UPI/blinkit.payu@hd/UPIIntent/AXIS BANK/201180787898/PPPL6387537460697XXXXXXXXXX,2926.48,DR
11-01-2024,UPI/swiggyupi@axb/UPIIntent/YES BANK/784324706571/PPPL3363426692097XXXXXXXXXX,983.53,DR
11-01-2024,UPI/swiggyupi@axb/Payment from Ph/AXIS BANK/094229898138/PPPLqyefuhasht9o,1462.0,DR
11-01-2024,UPI/paytmqr6cu3by@p/Payment from Ph/AXIS BANK/909617150590/ICIsyow9mnedghy,2746.79,DR
10-01-2024,UPI/paytmqr6cu3by@p/UPIIntent/AIRTEL PAYMENTS/796831681637/PYTM8436281944446XXXXXXXXXX,3895.15,DR
10-01-2024,UPI/blinkit.payu@hd/Payment for 885/HDFC BANK/705446809219/AXLl9lit12wr0sd,1342.04,DR
10-01-2024,UPI/paytmqr6cu3by@p/Payment from Ph/HDFC BANK/596732361463/ICImm2pakganfy4,2614.2,DR
10-01-2024,UPI/blinkit.payu@hd/UPIIntent/AXIS BANK/650587540702/PYTM8951238482224XXXXXXXXXX,3783.69,DR
10-01-2024,NEFT/AIRTEL PAYMENTS/356899267835/HDFC AMC/Transfer,2993.75,DR
10-01-2024,UPI/blinkit.payu@hd/UPIIntent/AIRTEL PAYMENTS/344552556597/PPPL5123894395752XXXXXXXXXX,3835.84,DR
10-01-2024,UPI/zeptomarketplac/Payment for 677/AIRTEL PAYMENTS/365576270854/ICI7809ef1nqrt8,3720.46,DR
10-01-2024,ACH/Mazagon Dock 1150/PR2782494AI07,5831.9,CR
10-01-2024,NEFT/HDFC BANK/553730081201/HDFC AMC/Transfer,3117.45,DR
10-01-2024,UPI/gpay-1124412000/Payment from Ph/HDFC BANK/958232691826/YBLqlpupjq7y8si,599.61,DR
09-01-2024,UPI/blinkit.payu@hd/Payment for 221/AXIS BANK/513133468400/AXLvfsmfi71u26r,2723.57,DR
09-01-2024,NEFT/YES BANK/644284256988/ABB Dividend/Transfer,2980.56,DR
09-01-2024,UPI/blinkit.payu@hd/UPIIntent/AXIS BANK/748284919482/PYTM5400639546333XXXXXXXXXX,2265.67,DR
09-01-2024,UPI/blinkit.payu@hd/UPIIntent/ICICI BANK/645460122931/PYTM6286569820582XXXXXXXXXX,1849.29,DR
09-01-2024,UPI/paytmqr6cu3by@p/Refund from HDFC BANK 069478861549/YBL,8929.83,CR
09-01-2024,UPI/blinkit.payu@hd/UPIIntent/AIRTEL PAYMENTS/340236619277/PYTM7297857904222XXXXXXXXXX,2419.92,DR
09-01-2024,UPI/zeptomarketplac/Payment from Ph/AIRTEL PAYMENTS/823324829980/RBLwjkyl96scdbl,931.44,DR
09-01-2024,UPI/swiggyupi@axb/Payment from Ph/ICICI BANK/367671128243/PPPLxw13ts7hwhp1,2157.01,DR
09-01-2024,UPI/swiggyupi@axb/UPIIntent/AXIS BANK/779158404154/PYTM5387336371114XXXXXXXXXX,2671.75,DR
09-01-2024,UPI/paytmqr6cu3by@p/Payment from Ph/AXIS BANK/689040064343/ICIt7batiso1ytc,2193.97,DR
08-01-2024,UPI/blinkit.payu@hd/UPIIntent/ICICI BANK/056775758144/PYTM5221691400049XXXXXXXXXX,3321.14,DR
08-01-2024,NEFT/HDFC BANK/814204303428/Zerodha/Transfer,3446.16,DR
08-01-2024,UPI/zeptomarketplac/Payment from Ph/YES BANK/701462976099/ICIabg5xgk2wns7,3692.95,DR
08-01-2024,UPI/zeptomarketplac/Refund from AIRTEL PAYMENTS 436973764425/YBL,6285.07,CR
08-01-2024,UPI/zeptomarketplac/Payment from Ph/ICICI BANK/954966536646/PPPLvcgrwl01wh1l,1453.03,DR
08-01-2024,UPI/zeptomarketplac/Payment for 420/HDFC BANK/534668237334/ICI5yqwzlbugetr,1202.21,DR
08-01-2024,UPI/gpay-1124412000/Payment from Ph/AXIS BANK/653926767845/AXLe6pr8m10rh91,2261.64,DR
08-01-2024,UPI/gpay-1124412000/UPIIntent/HDFC BANK/089807245833/PYTM9354544094407XXXXXXXXXX,3114.38,DR
08-01-2024,NEFT/AIRTEL PAYMENTS/483373271846/ABB Dividend/Transfer,1368.31,DR
08-01-2024,UPI/blinkit.payu@hd/Payment from Ph/YES BANK/232579856957/AXL8d1rgzumrdbd,2036.86,DR
07-01-2024,UPI/zeptomarketplac/Payment from Ph/AXIS BANK/368161498836/ICI6s7nvr66e3kb,3172.63,DR
07-01-2024,UPI/gpay-1124412000/Payment from Ph/AXIS BANK/876034124861/PPPL6jccqgv5kwd6,1155.15,DR
07-01-2024,UPI/gpay-1124412000/UPIIntent/ICICI BANK/557284980160/PYTM5202143500177XXXXXXXXXX,3997.97,DR
07-01-2024,UPI/swiggyupi@axb/UPIIntent/YES BANK/088938324814/PYTM4654594590309XXXXXXXXXX,2337.59,DR
07-01-2024,UPI/zeptomarketplac/UPIIntent/AXIS BANK/403435979523/PPPL4155386354268XXXXXXXXXX,3193.08,DR
07-01-2024,UPI/zeptomarketplac/Payment for 589/YES BANK/430919413117/YBLekp50nmwx1kd,776.99,DR
07-01-2024,UPI/swiggyupi@axb/Refund from HDFC BANK 939169835814/PPPL,3904.76,CR
07-01-2024,UPI/paytmqr6cu3by@p/UPIIntent/HDFC BANK/019260260383/PYTM5981747084082XXXXXXXXXX,3389.6,DR
07-01-2024,UPI/swiggyupi@axb/Payment for 631/HDFC BANK/521105343378/RBLg6xycjmdj15e,878.17,DR
07-01-2024,UPI/paytmqr6cu3by@p/UPIIntent/AXIS BANK/620058801242/PYTM8356419385512XXXXXXXXXX,1895.88,DR
06-01-2024,UPI/blinkit.payu@hd/Payment for 890/HDFC BANK/888984963942/RBLafq6n242gqth,807.83,DR
06-01-2024,UPI/paytmqr6cu3by@p/UPIIntent/YES BANK/168015493303/PPPL6303666243464XXXXXXXXXX,2107.46,DR
06-01-2024,UPI/blinkit.payu@hd/Payment for 869/ICICI BANK/519714680760/PPPLnz0t8khf95r7,2476.74,DR
06-01-2024,UPI/swiggyupi@axb/Payment from Ph/AXIS BANK/786119671978/PPPLtr51ob02lbgg,1082.69,DR
06-01-2024,UPI/swiggyupi@axb/Payment for 802/AXIS BANK/903875290031/AXLs0j8dzv0qyj6,1001.53,DR
06-01-2024,UPI/paytmqr6cu3by@p/Payment for 266/HDFC BANK/277910880275/YBLd1v4lj16ihk3,3707.28,DR
06-01-2024,UPI/blinkit.payu@hd/Payment for 912/HDFC BANK/287517476108/YBLec7j5d71nuxh,3142.81,DR
06-01-2024,UPI/zeptomarketplac/Payment for 252/ICICI BANK/687852646997/YBLuzw72arzebmt,2036.52,DR
06-01-2024,NEFT/AXIS BANK/781264195508/Mazagon Dock/Transfer,2467.09,DR
06-01-2024,NEFT/ICICI BANK/946444268671/Mazagon Dock/Transfer,2827.93,DR
05-01-2024,UPI/blinkit.payu@hd/UPIIntent/HDFC BANK/070433008046/PPPL4239834566413XXXXXXXXXX,1572.85,DR
05-01-2024,NEFT/YES BANK/270264177639/Mazagon Dock/Transfer,3894.19,DR
05-01-2024,UPI/paytmqr6cu3by@p/UPIIntent/HDFC BANK/251437813721/PYTM1212692456533XXXXXXXXXX,2049.32,DR
05-01-2024,UPI/paytmqr6cu3by@p/UPIIntent/ICICI BANK/059909090158/PPPL2938100146471XXXXXXXXXX,3311.31,DR
05-01-2024,UPI/zeptomarketplac/Payment from Ph/AXIS BANK/698353785411/AXLl6on6kxrrw9y,2970.82,DR
05-01-2024,UPI/zeptomarketplac/Payment from Ph/AIRTEL PAYMENTS/356264330387/PPPLxlpgovzs6fs0,2849.22,DR
05-01-2024,UPI/zeptomarketplac/UPIIntent/HDFC BANK/525122949275/PYTM2379652299981XXXXXXXXXX,715.39,DR
05-01-2024,UPI/blinkit.payu@hd/Payment from Ph/HDFC BANK/042039187063/ICIxty0ky24lz37,1927.75,DR
05-01-2024,UPI/zeptomarketplac/UPIIntent/HDFC BANK/558534684951/PPPL5963596921949XXXXXXXXXX,1573.35,DR
05-01-2024,UPI/swiggyupi@axb/UPIIntent/HDFC BANK/780354003491/PPPL4440360714173XXXXXXXXXX,2253.16,DR
04-01-2024,UPI/paytmqr6cu3by@p/UPIIntent/AIRTEL PAYMENTS/610227247476/PYTM8776792708964XXXXXXXXXX,3957.56,DR
04-01-2024,ACH/Zerodha 3953/PR5756252AI07,7215.27,CR
04-01-2024,ACH/MutualFund 7216/PR8967191AI07,6259.71,CR
04-01-2024,UPI/paytmqr6cu3by@p/UPIIntent/HDFC BANK/017749402787/PYTM3765414702592XXXXXXXXXX,601.74,DR
04-01-2024,UPI/blinkit.payu@hd/UPIIntent/HDFC BANK/443506775740/PPPL2865401039699XXXXXXXXXX,1268.29,DR
04-01-2024,UPI/paytmqr6cu3by@p/Payment for 532/HDFC BANK/293407055207/PPPL9dkhmvucxrsg,3797.33,DR
04-01-2024,NEFT/ICICI BANK/148653490362/Mazagon Dock/Transfer,1931.23,DR
04-01-2024,UPI/blinkit.payu@hd/Payment from Ph/AXIS BANK/560673783779/AXLn4kcvbc1krv9,2538.58,DR
04-01-2024,NEFT/YES BANK/581488800347/ABB Dividend/Transfer,2465.35,DR
04-01-2024,NEFT/YES BANK/674616159957/Zerodha/Transfer,1178.51,DR
03-01-2024,NEFT/AIRTEL PAYMENTS/707120920850/Zerodha/Transfer,659.61,DR
03-01-2024,UPI/blinkit.payu@hd/UPIIntent/HDFC BANK/021430822556/PPPL3632291775125XXXXXXXXXX,3405.43,DR
03-01-2024,NEFT/HDFC BANK/786531066432/ABB Dividend/Transfer,3549.5,DR
03-01-2024,UPI/swiggyupi@axb/Payment from Ph/AXIS BANK/264524266628/PPPLwdre31kkkone,3386.14,DR
03-01-2024,UPI/gpay-1124412000/Payment from Ph/AXIS BANK/319098654169/YBLzuhsk3rooifb,3279.63,DR
03-01-2024,UPI/paytmqr6cu3by@p/UPIIntent/ICICI BANK/128403800386/PYTM2107863072738XXXXXXXXXX,1274.52,DR
03-01-2024,UPI/gpay-1124412000/Payment from Ph/AIRTEL PAYMENTS/201282882477/YBL3endu06vgakn,1320.1,DR
03-01-2024,ACH/ABB Dividend 5127/PR5338866AI07,3872.65,CR
03-01-2024,UPI/blinkit.payu@hd/UPIIntent/AXIS BANK/555691952346/PYTM3889391539583XXXXXXXXXX,3161.7,DR
03-01-2024,NEFT/ICICI BANK/447843678709/MutualFund/Transfer,1249.1,DR
02-01-2024,UPI/gpay-1124412000/Payment for 416/AXIS BANK/294772171275/ICI4upavliiqlzs,2294.6,DR
02-01-2024,UPI/gpay-1124412000/Payment for 881/ICICI BANK/285482581035/PPPLw0gik4pc8rn0,2604.05,DR
02-01-2024,UPI/blinkit.payu@hd/Payment for 225/AIRTEL PAYMENTS/654228654032/AXLzs34chy6bsjr,1890.78,DR
02-01-2024,NEFT-RBL362675838695-Mazagon Dock-A/C-oso088qg284d-00362675838695-YESB,8606.31,CR
02-01-2024,NEFT/HDFC BANK/398957247484/Mazagon Dock/Transfer,1888.15,DR
02-01-2024,UPI/swiggyupi@axb/UPIIntent/ICICI BANK/045959202865/PYTM1071914051064XXXXXXXXXX,1490.93,DR
02-01-2024,UPI/zeptomarketplac/Payment for 456/AIRTEL PAYMENTS/906406060468/YBLsvgo1ihsb79x,3011.93,DR
02-01-2024,UPI/zeptomarketplac/UPIIntent/AIRTEL PAYMENTS/107876873473/PYTM6550473107941XXXXXXXXXX,3203.84,DR
02-01-2024,UPI/swiggyupi@axb/Payment from Ph/HDFC BANK/533409672272/AXLl95htp6ya7v9,3824.06,DR
02-01-2024,NEFT/AXIS BANK/632906209184/MutualFund/Transfer,2493.53,DR
01-01-2024,UPI/swiggyupi@axb/Refund from HDFC BANK 719906118655/YBL,5051.94,CR
01-01-2024,NEFT/ICICI BANK/028607423598/Zerodha/Transfer,1891.02,DR
01-01-2024,UPI/swiggyupi@axb/UPIIntent/AXIS BANK/345517871551/PYTM4150172416027XXXXXXXXXX,2537.03,DR
01-01-2024,NEFT-YBL423809859504-ABB Dividend-A/C-4o05h399vap1-00423809859504-YESB,6693.32,CR
01-01-2024,UPI/blinkit.payu@hd/UPIIntent/AIRTEL PAYMENTS/858459622392/PYTM6498990526559XXXXXXXXXX,1674.66,DR
01-01-2024,NEFT/AXIS BANK/088758377323/ABB Dividend/Transfer,2049.95,DR
01-01-2024,UPI/paytmqr6cu3by@p/Refund from ICICI BANK 872286849667/PPPL,7041.3,CR
01-01-2024,UPI/gpay-1124412000/Payment for 102/HDFC BANK/121743795759/YBLxbqdtyrmzzjw,3793.5,DR
01-01-2024,UPI/blinkit.payu@hd/Payment for 743/HDFC BANK/414416600594/RBL9krv4s6ucm8t,1294.83,DR
01-01-2024,UPI/gpay-1124412000/Payment from Ph/HDFC BANK/173089089599/ICIcsgzfgkykzzq,1490.91,DR
31-12-2023,UPI/swiggyupi@axb/UPIIntent/AXIS BANK/040995225305/PPPL1091090796265XXXXXXXXXX,1040.52,DR
31-12-2023,UPI/zeptomarketplac/Payment for 634/ICICI BANK/129900707110/YBLgixu5vm9hllq,1371.36,DR
31-12-2023,UPI/swiggyupi@axb/Payment for 384/AXIS BANK/964294370723/YBLvaim971ajocy,3519.87,DR
31-12-2023,UPI/gpay-1124412000/UPIIntent/YES BANK/324026697478/PPPL3204404705848XXXXXXXXXX,1187.39,DR
31-12-2023,UPI/blinkit.payu@hd/UPIIntent/YES BANK/143409574094/PYTM8884522399468XXXXXXXXXX,2113.74,DR
31-12-2023,UPI/paytmqr6cu3by@p/Payment for 887/AIRTEL PAYMENTS/665290998677/AXLmu4l0neku1s6,3931.21,DR
31-12-2023,UPI/paytmqr6cu3by@p/Payment from Ph/AIRTEL PAYMENTS/431314343503/AXL0f88vgu0zmgi,1849.38,DR
31-12-2023,UPI/zeptomarketplac/Payment for 713/ICICI BANK/349119539022/AXL8o7p643c4okq,2641.05,DR
31-12-2023,UPI/paytmqr6cu3by@p/Payment from Ph/AIRTEL PAYMENTS/791008679120/PPPLul6go3jqlzia,1207.96,DR
31-12-2023,NEFT/HDFC BANK/378829700066/ABB Dividend/Transfer,3957.14,DR
30-12-2023,UPI/paytmqr6cu3by@p/Payment for 974/HDFC BANK/996260323474/YBLadx458bflwls,3728.43,DR
30-12-2023,UPI/blinkit.payu@hd/Payment from Ph/AIRTEL PAYMENTS/930876500871/RBLt2x4o26wtnfo,1505.59,DR
30-12-2023,UPI/gpay-1124412000/Payment for 492/YES BANK/150499951136/PPPL7vwlla35yy4u,1943.76,DR
30-12-2023,UPI/gpay-1124412000/UPIIntent/YES BANK/477403496421/PPPL5018134257283XXXXXXXXXX,1245.18,DR
30-12-2023,UPI/paytmqr6cu3by@p/Payment from Ph/HDFC BANK/856627333667/ICIxve0iqx19wa8,3745.48,DR
30-12-2023,UPI/paytmqr6cu3by@p/Payment for 723/AIRTEL PAYMENTS/448368744123/RBLks0qjbf0ueud,2621.28,DR
30-12-2023,UPI/gpay-1124412000/UPIIntent/YES BANK/275039707130/PPPL9337103006125XXXXXXXXXX,1605.9,DR
30-12-2023,NEFT/YES BANK/556176205426/Mazagon Dock/Transfer,3001.48,DR
30-12-2023,NEFT/AIRTEL PAYMENTS/313084649986/Zerodha/Transfer,2317.77,DR
30-12-2023,UPI/swiggyupi@axb/Payment from Ph/HDFC BANK/236654788406/ICIzwm4yleuy8cz,3596.26,DR
29-12-2023,UPI/swiggyupi@axb/Payment from Ph/YES BANK/277138629379/RBLlq3y45a3jqz1,1678.67,DR
29-12-2023,UPI/zeptomarketplac/UPIIntent/HDFC BANK/224080237136/PYTM9919899295274XXXXXXXXXX,2189.13,DR
29-12-2023,UPI/paytmqr6cu3by@p/Payment for 858/AXIS BANK/365166118786/ICIen8mh16z9bhf,2519.36,DR
29-12-2023,UPI/zeptomarketplac/Payment for 449/ICICI BANK/405010123854/PPPLokehgo8zllw3,3148.54,DR
29-12-2023,UPI/blinkit.payu@hd/Payment from Ph/HDFC BANK/521538923322/RBL0b9kahmlsno0,1853.93,DR
29-12-2023,UPI/gpay-1124412000/Payment from Ph/HDFC BANK/271611033509/YBLligfnnn4meq3,1326.77,DR
29-12-2023,UPI/zeptomarketplac/Payment for 551/AXIS BANK/970222396108/YBL02wpy5fobz15,2611.17,DR
29-12-2023,UPI/paytmqr6cu3by@p/Payment from Ph/HDFC BANK/491276272691/ICIvbrgmb2eg63f,2708.01,DR
29-12-2023,UPI/swiggyupi@axb/UPIIntent/HDFC BANK/068781392329/PYTM2509785333824XXXXXXXXXX,1475.14,DR
29-12-2023,UPI/gpay-1124412000/Payment from Ph/YES BANK/732424175808/AXLegc5temnncfx,2043.43,DR
28-12-2023,UPI/gpay-1124412000/Payment for 946/HDFC BANK/226765137439/RBLe6rgkwws1qw6,2087.0,DR
28-12-2023,UPI/gpay-1124412000/Payment from Ph/AXIS BANK/183633545850/PPPLwyecpbyb9bnf,1524.74,DR
28-12-2023,NEFT/ICICI BANK/741488308829/Mazagon Dock/Transfer,3109.66,DR
28-12-2023,UPI/blinkit.payu@hd/UPIIntent/YES BANK/040090800831/PYTM7958998559924XXXXXXXXXX,1352.37,DR
28-12-2023,NEFT/AXIS BANK/775460386188/Zerodha/Transfer,1668.48,DR
28-12-2023,UPI/paytmqr6cu3by@p/UPIIntent/YES BANK/032618588560/PYTM5515103202646XXXXXXXXXX,2845.48,DR
28-12-2023,UPI/swiggyupi@axb/Payment for 980/AXIS BANK/236115677136/YBLqx6hqpxv792c,1016.98,DR
28-12-2023,UPI/gpay-1124412000/UPIIntent/ICICI BANK/144393382258/PYTM1561619376826XXXXXXXXXX,1031.14,DR
28-12-2023,UPI/gpay-1124412000/Payment from Ph/YES BANK/199195476874/RBLwhmiiqzw2s2t,952.41,DR
28-12-2023,UPI/paytmqr6cu3by@p/Payment for 506/AXIS BANK/956741518826/RBLm72x6awkztd9,2307.17,DR
27-12-2023,UPI/swiggyupi@axb/UPIIntent/HDFC BANK/406920339082/PPPL4763856793122XXXXXXXXXX,2025.97,DR
27-12-2023,NEFT/AXIS BANK/196587409929/MutualFund/Transfer,1166.46,DR
27-12-2023,UPI/swiggyupi@axb/Payment for 226/YES BANK/742703205722/ICIrs8qwuqdsb31,1175.08,DR
27-12-2023,UPI/swiggyupi@axb/Payment for 724/ICICI BANK/947043377293/AXLpoprzpjx3ru5,923.07,DR
27-12-2023,NEFT/HDFC BANK/041422048520/Mazagon Dock/Transfer,1684.17,DR
27-12-2023,UPI/gpay-1124412000/UPIIntent/AIRTEL PAYMENTS/824183045808/PPPL2720335129276XXXXXXXXXX,2129.95,DR
27-12-2023,UPI/gpay-1124412000/Payment from Ph/AXIS BANK/419639958099/RBLyyrmzv149mr5,2104.58,DR
27-12-2023,UPI/blinkit.payu@hd/UPIIntent/ICICI BANK/337622074341/PPPL5228602082392XXXXXXXXXX,1800.69,DR
27-12-2023,UPI/swiggyupi@axb/UPIIntent/YES BANK/302268358447/PPPL5074722193364XXXXXXXXXX,3902.49,DR
27-12-2023,NEFT/AIRTEL PAYMENTS/162612728322/Mazagon Dock/Transfer,2657.68,DR
26-12-2023,UPI/blinkit.payu@hd/Payment from Ph/ICICI BANK/346302465495/AXLuq47y6hso8jm,2722.25,DR
26-12-2023,UPI/blinkit.payu@hd/UPIIntent/ICICI BANK/469821549576/PYTM8578537974232XXXXXXXXXX,3841.86,DR
26-12-2023,UPI/gpay-1124412000/Payment from Ph/AXIS BANK/692083977977/AXLhkssf2rws3cd,2938.21,DR
26-12-2023,UPI/blinkit.payu@hd/Payment from Ph/HDFC BANK/537105191532/YBLypcguu8aa11n,3910.85,DR
26-12-2023,UPI/gpay-1124412000/Payment from Ph/ICICI BANK/971127423001/PPPLm0c8g5xfuwz8,2323.64,DR
26-12-2023,NEFT/HDFC BANK/255456135737/MutualFund/Transfer,3895.26,DR
26-12-2023,UPI/swiggyupi@axb/Refund from AXIS BANK 431518564583/YBL,4250.65,CR
26-12-2023,ACH/MutualFund 3150/PR5795709AI07,4576.95,CR
26-12-2023,NEFT/YES BANK/847174510249/ABB Dividend/Transfer,1094.96,DR
26-12-2023,ACH/MutualFund 7556/PR1181764AI07,1603.4,CR
25-12-2023,UPI/paytmqr6cu3by@p/UPIIntent/YES BANK/089797645422/PYTM6899894584827XXXXXXXXXX,1520.21,DR
25-12-2023,UPI/paytmqr6cu3by@p/Payment from Ph/AIRTEL PAYMENTS/192195788041/AXLo0fbdq7ov0wy,1734.63,DR
25-12-2023,NEFT/YES BANK/453931222931/Mazagon Dock/Transfer,3212.73,DR
25-12-2023,UPI/gpay-1124412000/Payment for 344/YES BANK/169846944462/RBLzj3zp9e0nv0z,3368.27,DR
25-12-2023,UPI/gpay-1124412000/Payment for 749/AXIS BANK/756729081783/AXLzpybkyzamyao,1510.6,DR
25-12-2023,NEFT/AXIS BANK/943096287173/Zerodha/Transfer,2901.11,DR
25-12-2023,UPI/gpay-1124412000/UPIIntent/AXIS BANK/688066462511/PYTM5289988595217XXXXXXXXXX,3914.81,DR
25-12-2023,UPI/gpay-1124412000/Payment from Ph/AIRTEL PAYMENTS/578384900168/RBLx1w1boi36zhn,2859.29,DR
25-12-2023,UPI/zeptomarketplac/UPIIntent/AXIS BANK/124661597421/PPPL9241775981826XXXXXXXXXX,1998.14,DR
25-12-2023,UPI/swiggyupi@axb/Payment for 406/AIRTEL PAYMENTS/284107445303/YBLokopxawphrwx,922.16,DR
24-12-2023,UPI/blinkit.payu@hd/Payment for 400/YES BANK/287947134719/AXLhbnteu1zvdut,1787.83,DR
24-12-2023,UPI/paytmqr6cu3by@p/Payment from Ph/AXIS BANK/914966266051/YBLx8btcth56qus,1811.94,DR
24-12-2023,UPI/paytmqr6cu3by@p/Payment for 640/HDFC BANK/817642603313/YBLh7njsbu4yfdi,2401.13,DR
24-12-2023,UPI/swiggyupi@axb/Payment from Ph/ICICI BANK/654669434245/AXLfvfdavua0p7d,1587.2,DR
24-12-2023,NEFT/AIRTEL PAYMENTS/826644848423/ABB Dividend/Transfer,3483.88,DR
24-12-2023,NEFT/AXIS BANK/172696608718/ABB Dividend/Transfer,3152.12,DR
24-12-2023,NEFT/AIRTEL PAYMENTS/848580447134/MutualFund/Transfer,1634.15,DR
24-12-2023,NEFT/AXIS BANK/318139953872/MutualFund/Transfer,3678.4,DR
24-12-2023,UPI/blinkit.payu@hd/Payment from Ph/AXIS BANK/066629976664/PPPL4aqm350ecfiq,2351.15,DR
24-12-2023,NEFT/AIRTEL PAYMENTS/392731719189/Mazagon Dock/Transfer,802.94,DR
23-12-2023,NEFT/YES BANK/890569473494/Mazagon Dock/Transfer,3710.47,DR
23-12-2023,UPI/paytmqr6cu3by@p/Payment from Ph/ICICI BANK/059370551543/AXLkw264siordui,3070.93,DR
23-12-2023,UPI/swiggyupi@axb/Payment from Ph/HDFC BANK/672539325371/AXLjp5hzx4svu4l,1155.07,DR
23-12-2023,UPI/zeptomarketplac/Payment for 928/HDFC BANK/135912093507/RBL2wob48bmy5re,2197.97,DR
23-12-2023,NEFT/YES BANK/200759112782/HDFC AMC/Transfer,1613.38,DR
23-12-2023,NEFT/AXIS BANK/552436138794/MutualFund/Transfer,1029.04,DR
23-12-2023,NEFT-AXL964058176053-Mazagon Dock-A/C-hedm6x9ehto3-00964058176053-YESB,3381.1,CR
23-12-2023,UPI/zeptomarketplac/UPIIntent/ICICI BANK/775487909848/PPPL2731581767120XXXXXXXXXX,1890.6,DR
23-12-2023,UPI/blinkit.payu@hd/Payment for 477/AIRTEL PAYMENTS/726440776949/AXL5gn9h7mgsduw,2441.64,DR
23-12-2023,UPI/swiggyupi@axb/Payment from Ph/YES BANK/816249050500/RBLtgo1sj7603o7,1447.25,DR
22-12-2023,UPI/paytmqr6cu3by@p/UPIIntent/YES BANK/464398830685/PYTM1693229253107XXXXXXXXXX,2676.9,DR
22-12-2023,UPI/zeptomarketplac/Payment from Ph/AXIS BANK/930911848034/ICIgv8fdk06u64b,1878.37,DR
22-12-2023,UPI/blinkit.payu@hd/Refund from HDFC BANK 425159683547/RBL,8335.72,CR
22-12-2023,UPI/blinkit.payu@hd/Payment from Ph/ICICI BANK/290314540797/PPPLrdmyrefywflo,1360.17,DR
22-12-2023,NEFT/YES BANK/166185004024/MutualFund/Transfer,2952.04,DR
22-12-2023,UPI/gpay-1124412000/Payment from Ph/AIRTEL PAYMENTS/413430926044/AXL9571guya7kqz,1242.82,DR
22-12-2023,UPI/zeptomarketplac/Payment for 826/AXIS BANK/963996803021/PPPLp4k2mqix6z8a,1381.12,DR
22-12-2023,UPI/swiggyupi@axb/UPIIntent/AIRTEL PAYMENTS/011776026105/PPPL1327866733385XXXXXXXXXX,3875.13,DR
22-12-2023,UPI/blinkit.payu@hd/Payment from Ph/YES BANK/416317266464/AXL4fyyt5t04agl,3176.46,DR
22-12-2023,UPI/gpay-1124412000/Payment for 542/AIRTEL PAYMENTS/970348991943/AXLj174po917w07,3664.0,DR
21-12-2023,ACH/MutualFund 4210/PR7589931AI07,8190.69,CR
21-12-2023,UPI/blinkit.payu@hd/Payment from Ph/AXIS BANK/382839575254/AXLdu9ao2rymwle,1458.98,DR
21-12-2023,UPI/swiggyupi@axb/Refund from HDFC BANK 512770050600/AXL,7106.01,CR
21-12-2023,UPI/paytmqr6cu3by@p/UPIIntent/AIRTEL PAYMENTS/447177864891/PPPL6377243639485XXXXXXXXXX,3374.37,DR
21-12-2023,UPI/blinkit.payu@hd/Payment from Ph/AXIS BANK/328771261297/ICIhkvyui0py6fe,693.77,DR
21-12-2023,NEFT/AIRTEL PAYMENTS/488196128630/ABB Dividend/Transfer,1464.39,DR
21-12-2023,UPI/zeptomarketplac/Payment for 112/HDFC BANK/693118132824/ICInv9utlm46qwp,630.71,DR
21-12-2023,NEFT/AXIS BANK/131071875605/MutualFund/Transfer,2625.79,DR
21-12-2023,UPI/swiggyupi@axb/Refund from AIRTEL PAYMENTS 134919413875/YBL,5716.33,CR
21-12-2023,UPI/swiggyupi@axb/Payment for 692/AIRTEL PAYMENTS/014085625814/RBL15vyatqzcjka,3934.98,DR
20-12-2023,UPI/gpay-1124412000/Payment for 130/ICICI BANK/756167638337/YBLo62yi3vi813v,1902.35,DR
20-12-2023,UPI/swiggyupi@axb/UPIIntent/YES BANK/860102303033/PYTM2276403942298XXXXXXXXXX,638.06,DR
20-12-2023,UPI/blinkit.payu@hd/Payment from Ph/HDFC BANK/966096777094/AXLg7uxt5gf4r9b,3886.6,DR
20-12-2023,UPI/swiggyupi@axb/Payment for 546/YES BANK/035067865287/PPPLjng9l99gfd37,1046.9,DR
20-12-2023,UPI/swiggyupi@axb/Payment for 118/HDFC BANK/050462073144/ICI9pxsq5wysfui,3069.43,DR
20-12-2023,NEFT-RBL315415638624-Zerodha-A/C-w3smkncq7y65-00315415638624-YESB,1244.13,CR
20-12-2023,NEFT/HDFC BANK/025647930479/ABB Dividend/Transfer,958.29,DR
20-12-2023,UPI/blinkit.payu@hd/Payment from Ph/HDFC BANK/580834071880/ICIyuwbittd5hvb,1895.91,DR
20-12-2023,NEFT/AXIS BANK/780622882224/ABB Dividend/Transfer,2042.02,DR
20-12-2023,UPI/gpay-1124412000/Payment for 683/ICICI BANK/437749987020/AXLvrm97yrhwejd,3371.64,DR
19-12-2023,UPI/paytmqr6cu3by@p/Payment for 817/ICICI BANK/356710347909/ICImbz3694l7foh,3138.36,DR
19-12-2023,UPI/zeptomarketplac/Payment from Ph/ICICI BANK/318816754165/PPPL8n0kg948ydmt,2754.55,DR
19-12-2023,UPI/gpay-1124412000/Payment from Ph/AXIS BANK/558168043801/YBLu4cah7x2u09m,3594.79,DR
19-12-2023,NEFT/YES BANK/749072973001/HDFC AMC/Transfer,3743.62,DR
19-12-2023,NEFT/AXIS BANK/763398302695/MutualFund/Transfer,965.47,DR
19-12-2023,UPI/gpay-1124412000/Payment from Ph/ICICI BANK/320106283171/AXL1ki82sbyb1vk,3942.44,DR
19-12-2023,UPI/gpay-1124412000/Payment from Ph/YES BANK/810419472441/YBLz0qax4alfs1w,1017.09,DR
19-12-2023,UPI/swiggyupi@axb/Payment for 947/ICICI BANK/645358108819/ICIs00ncpzeweue,2762.8,DR
19-12-2023,UPI/gpay-1124412000/Payment from Ph/HDFC BANK/154937807691/RBLt42zgngldr8w,545.57,DR
19-12-2023,UPI/swiggyupi@axb/UPIIntent/AXIS BANK/694148018197/PYTM7448519935999XXXXXXXXXX,1079.66,DR
18-12-2023,UPI/gpay-1124412000/UPIIntent/AXIS BANK/000184349336/PYTM6350548472576XXXXXXXXXX,3283.65,DR
18-12-2023,UPI/zeptomarketplac/UPIIntent/AIRTEL PAYMENTS/338280967637/PPPL9420766094052XXXXXXXXXX,677.44,DR
18-12-2023,NEFT/HDFC BANK/207886762666/MutualFund/Transfer,2947.4,DR
18-12-2023,UPI/blinkit.payu@hd/Payment from Ph/AIRTEL PAYMENTS/930183161033/RBLif4ocyrlvu08,1437.47,DR
18-12-2023,UPI/blinkit.payu@hd/Payment for 137/YES BANK/343021690486/ICI5lwfa3uhaivl,2493.61,DR
18-12-2023,UPI/gpay-1124412000/UPIIntent/AIRTEL PAYMENTS/880095165110/PPPL4707939921346XXXXXXXXXX,2146.51,DR
18-12-2023,NEFT-PPPL265421890767-ABB Dividend-A/C-nhtaaq14cdkf-00265421890767-YESB,3081.16,CR
18-12-2023,UPI/blinkit.payu@hd/Payment for 949/AIRTEL PAYMENTS/355011299964/PPPL54vkjvf912yl,2740.73,DR
18-12-2023,NEFT/AXIS BANK/312860239982/HDFC AMC/Transfer,2378.49,DR
18-12-2023,UPI/paytmqr6cu3by@p/Payment from Ph/ICICI BANK/325830627602/PPPLzlg70ewl58e0,2857.44,DR
17-12-2023,UPI/swiggyupi@axb/Payment from Ph/HDFC BANK/192681162874/AXLea143uo6ez72,3985.49,DR
17-12-2023,UPI/gpay-1124412000/Payment for 882/HDFC BANK/107589710242/PPPLujmfulzhwx0g,2344.57,DR
17-12-2023,UPI/zeptomarketplac/UPIIntent/HDFC BANK/257416930447/PPPL9198350005006XXXXXXXXXX,1185.1,DR
17-12-2023,NEFT/YES BANK/365818119213/ABB Dividend/Transfer,3799.56,DR
17-12-2023,NEFT/ICICI BANK/303512235870/ABB Dividend/Transfer,2165.7,DR
17-12-2023,NEFT/ICICI BANK/617078294607/HDFC AMC/Transfer,2645.74,DR
17-12-2023,UPI/paytmqr6cu3by@p/Payment for 729/AIRTEL PAYMENTS/388236988497/YBLc3qp3vi1z5gr,2369.56,DR
17-12-2023,UPI/gpay-1124412000/Payment from Ph/ICICI BANK/079483148711/PPPLb9cweyxbiufj,2849.42,DR
17-12-2023,UPI/swiggyupi@axb/UPIIntent/HDFC BANK/056081277416/PPPL2057599297422XXXXXXXXXX,3804.67,DR
17-12-2023,ACH/ABB Dividend 3155/PR9499184AI07,4008.86,CR
16-12-2023,NEFT/HDFC BANK/069467676045/ABB Dividend/Transfer,3154.53,DR
16-12-2023,NEFT/ICICI BANK/908258268060/HDFC AMC/Transfer,3073.81,DR
16-12-2023,NEFT/ICICI BANK/154249595959/MutualFund/Transfer,2276.21,DR
16-12-2023,UPI/blinkit.payu@hd/Payment for 657/ICICI BANK/014275311140/AXL7hidzg2hbg6g,654.39,DR
16-12-2023,NEFT/YES BANK/580495221264/ABB Dividend/Transfer,3680.98,DR
16-12-2023,UPI/gpay-1124412000/Payment for 699/AIRTEL PAYMENTS/569767293964/YBLbuke0spoudxk,3326.34,DR
16-12-2023,UPI/gpay-1124412000/UPIIntent/YES BANK/354822834407/PYTM4479605819409XXXXXXXXXX,3193.21,DR
16-12-2023,NEFT/AIRTEL PAYMENTS/274604808823/MutualFund/Transfer,3937.5,DR
16-12-2023,UPI/paytmqr6cu3by@p/Payment from Ph/AXIS BANK/034922574749/YBLwvhxzgas8z06,558.28,DR
16-12-2023,UPI/swiggyupi@axb/Payment from Ph/ICICI BANK/998232571838/ICIsj09iiastf25,1327.69,DR
15-12-2023,NEFT-PPPL281084988639-Zerodha-A/C-0zafq8z4ekta-00281084988639-YESB,5004.76,CR
15-12-2023,UPI/paytmqr6cu3by@p/Payment from Ph/YES BANK/362061337808/RBL1g881smzi87h,3341.56,DR
15-12-2023,NEFT-YBL313976665430-HDFC AMC-A/C-q5bhilwxfuma-00313976665430-YESB,4455.33,CR
15-12-2023,UPI/swiggyupi@axb/Refund from AXIS BANK 564614260493/PPPL,8356.48,CR
15-12-2023,UPI/swiggyupi@axb/UPIIntent/AXIS BANK/934027383248/PPPL2736286206462XXXXXXXXXX,2472.07,DR
15-12-2023,UPI/blinkit.payu@hd/Payment from Ph/AIRTEL PAYMENTS/934292872941/RBLgot4i9ypgvgh,3923.2,DR
15-12-2023,UPI/zeptomarketplac/Payment from Ph/YES BANK/630948925595/RBLqrqv8czq82cb,2302.64,DR
15-12-2023,UPI/paytmqr6cu3by@p/Payment from Ph/HDFC BANK/439629731477/AXLcpku91eehz0v,2655.04,DR
15-12-2023,UPI/zeptomarketplac/Payment for 101/AIRTEL PAYMENTS/152058079663/ICIvik9s8q7f40n,1887.57,DR
15-12-2023,ACH/Mazagon Dock 1856/PR9187130AI07,1480.69,CR
14-12-2023,UPI/swiggyupi@axb/Payment for 262/AIRTEL PAYMENTS/321826720868/PPPLl07csv4t1s72,2371.17,DR
14-12-2023,NEFT/AXIS BANK/587621048325/MutualFund/Transfer,1666.55,DR
14-12-2023,UPI/gpay-1124412000/Payment for 143/YES BANK/574025161940/PPPLni2yknsu29bn,1822.83,DR
14-12-2023,UPI/paytmqr6cu3by@p/UPIIntent/ICICI BANK/515068783574/PPPL3444936763476XXXXXXXXXX,2661.71,DR
14-12-2023,UPI/paytmqr6cu3by@p/UPIIntent/HDFC BANK/489333166489/PYTM6258918902496XXXXXXXXXX,1044.69,DR
14-12-2023,UPI/paytmqr6cu3by@p/Refund from ICICI BANK 815653327254/AXL,2727.51,CR
14-12-2023,UPI/gpay-1124412000/Payment from Ph/HDFC BANK/157151893990/PPPL64zordtrjhbf,1284.31,DR
14-12-2023,UPI/zeptomarketplac/UPIIntent/AIRTEL PAYMENTS/020292555735/PYTM5230900838873XXXXXXXXXX,3353.69,DR
14-12-2023,UPI/swiggyupi@axb/Payment for 393/AXIS BANK/052583277735/AXLyo0b9dpvwyge,3007.5,DR
14-12-2023,UPI/zeptomarketplac/Payment for 314/ICICI BANK/130235441287/PPPLrwn9phhzaa6w,1073.32,DR
13-12-2023,UPI/swiggyupi@axb/Payment for 933/AIRTEL PAYMENTS/197099118358/YBLxn4gq3vyyttb,3427.63,DR
13-12-2023,UPI/gpay-1124412000/Payment for 863/HDFC BANK/419701230323/ICIbx03u2weg6o6,500.3,DR
13-12-2023,NEFT/AIRTEL PAYMENTS/047889636371/HDFC AMC/Transfer,3966.55,DR
13-12-2023,UPI/blinkit.payu@hd/UPIIntent/ICICI BANK/801785487892/PYTM2006577804343XXXXXXXXXX,1912.38,DR
13-12-2023,UPI/zeptomarketplac/Payment from Ph/HDFC BANK/148730705781/YBLfxt8qy9m7zms,1151.91,DR
13-12-2023,UPI/gpay-1124412000/UPIIntent/ICICI BANK/269099071321/PYTM3910426868018XXXXXXXXXX,2307.12,DR
13-12-2023,NEFT/ICICI BANK/368559929052/Mazagon Dock/Transfer,3817.93,DR
13-12-2023,NEFT-AXL273735462040-Mazagon Dock-A/C-ilo1fzu0epc9-00273735462040-YESB,5487.46,CR
13-12-2023,UPI/swiggyupi@axb/Refund from AIRTEL PAYMENTS 165384777135/YBL,4419.23,CR
13-12-2023,UPI/paytmqr6cu3by@p/Payment for 330/AXIS BANK/252374419297/ICI4v4v722rq607,2411.34,DR
12-12-2023,UPI/blinkit.payu@hd/Payment from Ph/YES BANK/935192009566/ICI2m0obo89n4ks,1191.92,DR
12-12-2023,UPI/swiggyupi@axb/UPIIntent/AXIS BANK/282194936595/PPPL8449462224366XXXXXXXXXX,3322.37,DR
12-12-2023,UPI/swiggyupi@axb/UPIIntent/AXIS BANK/218403038337/PYTM8291660124442XXXXXXXXXX,1826.42,DR
12-12-2023,NEFT/YES BANK/500414906311/MutualFund/Transfer,3988.22,DR
12-12-2023,NEFT-RBL821897252171-Mazagon Dock-A/C-puxvq8wdwea7-00821897252171-YESB,6833.58,CR
12-12-2023,NEFT/HDFC BANK/916127115878/MutualFund/Transfer,859.79,DR
12-12-2023,UPI/blinkit.payu@hd/Payment from Ph/YES BANK/703409294242/YBL68tynyv78qux,3342.36,DR
12-12-2023,UPI/paytmqr6cu3by@p/Payment from Ph/ICICI BANK/831473638042/PPPLlxlwq4iyysl7,3412.9,DR
12-12-2023,UPI/paytmqr6cu3by@p/UPIIntent/ICICI BANK/199762941555/PYTM4332321880031XXXXXXXXXX,751.67,DR
12-12-2023,UPI/paytmqr6cu3by@p/Payment from Ph/YES BANK/706582887346/RBLx8hf3tkfzj1b,2807.52,DR
11-12-2023,UPI/blinkit.payu@hd/Payment for 943/ICICI BANK/853989865011/RBLzt4s7528pj70,1572.34,DR
11-12-2023,UPI/paytmqr6cu3by@p/Payment for 655/ICICI BANK/618452148063/RBL8e2ymkpvnynb,3092.41,DR
11-12-2023,UPI/gpay-1124412000/UPIIntent/AIRTEL PAYMENTS/656892465158/PPPL9348517175037XXXXXXXXXX,2044.66,DR
11-12-2023,UPI/gpay-1124412000/Refund from HDFC BANK 950133388771/AXL,1643.31,CR
11-12-2023,NEFT/YES BANK/363990260977/HDFC AMC/Transfer,3124.8,DR
11-12-2023,UPI/swiggyupi@axb/Refund from HDFC BANK 345669682619/ICI,7941.2,CR
11-12-2023,UPI/paytmqr6cu3by@p/UPIIntent/YES BANK/832614626209/PPPL1499583828695XXXXXXXXXX,854.06,DR
11-12-2023,UPI/swiggyupi@axb/Payment from Ph/HDFC BANK/698392670263/RBL9f79h4ylqg5o,3036.92,DR
11-12-2023,UPI/blinkit.payu@hd/UPIIntent/AXIS BANK/194561593628/PYTM4017861629286XXXXXXXXXX,3851.55,DR
11-12-2023,UPI/gpay-1124412000/Payment from Ph/YES BANK/032953614942/ICI5xvy2yt65kri,2246.23,DR
10-12-2023,NEFT/AIRTEL PAYMENTS/226037017792/MutualFund/Transfer,1368.71,DR
10-12-2023,UPI/blinkit.payu@hd/Payment for 902/AXIS BANK/196742841199/AXLdlh67pb4t82c,3349.5,DR
10-12-2023,UPI/paytmqr6cu3by@p/Payment from Ph/YES BANK/935096201383/ICImibxoq8me4n0,1880.41,DR
10-12-2023,NEFT/HDFC BANK/123150382487/ABB Dividend/Transfer,2295.16,DR
10-12-2023,NEFT/HDFC BANK/293334943418/ABB Dividend/Transfer,1582.32,DR
10-12-2023,UPI/blinkit.payu@hd/UPIIntent/AIRTEL PAYMENTS/018656640454/PPPL2764447840517XXXXXXXXXX,2903.91,DR
10-12-2023,UPI/gpay-1124412000/Payment for 683/AIRTEL PAYMENTS/246774476105/PPPLzw45e4l9983v,1562.36,DR
10-12-2023,UPI/gpay-1124412000/Payment for 169/ICICI BANK/472100363389/ICIg8ef5e33yv0w,1970.11,DR
10-12-2023,UPI/gpay-1124412000/Payment from Ph/AXIS BANK/810685112748/YBLi17myi275427,690.19,DR
10-12-2023,UPI/swiggyupi@axb/Payment from Ph/AXIS BANK/629153018400/YBLzf0b46idw0t3,1414.62,DR
09-12-2023,UPI/blinkit.payu@hd/Payment from Ph/AIRTEL PAYMENTS/720091731423/PPPLev4wo0kkujoy,3010.9,DR
09-12-2023,NEFT/AIRTEL PAYMENTS/195848666290/Mazagon Dock/Transfer,2948.9,DR
09-12-2023,UPI/blinkit.payu@hd/Payment from Ph/AXIS BANK/155998678327/ICIshebaynbnxnc,3268.39,DR
09-12-2023,UPI/blinkit.payu@hd/Payment for 232/HDFC BANK/329431096481/AXL72n1td6qn34q,2917.18,DR
09-12-2023,UPI/blinkit.payu@hd/Payment for 536/YES BANK/548082361617/PPPLdyng2k9s1iub,2094.02,DR
09-12-2023,UPI/blinkit.payu@hd/Payment from Ph/ICICI BANK/739897590539/AXLhzjoy2f64j05,963.23,DR
09-12-2023,NEFT/HDFC BANK/443043641232/Zerodha/Transfer,3343.9,DR
09-12-2023,UPI/blinkit.payu@hd/Payment from Ph/HDFC BANK/434903098273/PPPLkewowft5dyza,1411.49,DR
09-12-2023,UPI/blinkit.payu@hd/Refund from ICICI BANK 042888599862/ICI,1011.52,CR
09-12-2023,NEFT-AXL274553960687-Mazagon Dock-A/C-hxgsau5qrtyq-00274553960687-YESB,8658.53,CR
08-12-2023,UPI/zeptomarketplac/Payment from Ph/AIRTEL PAYMENTS/404269177730/RBLnm2gn2y0afnr,1427.89,DR
08-12-2023,UPI/gpay-1124412000/UPIIntent/YES BANK/720930988391/PPPL2907693844019XXXXXXXXXX,2476.16,DR
08-12-2023,UPI/paytmqr6cu3by@p/UPIIntent/ICICI BANK/495679663836/PYTM6696031778994XXXXXXXXXX,1828.14,DR
08-12-2023,UPI/zeptomarketplac/UPIIntent/HDFC BANK/345800973125/PPPL9260134490142XXXXXXXXXX,3916.42,DR
08-12-2023,UPI/swiggyupi@axb/UPIIntent/AIRTEL PAYMENTS/230364146981/PPPL6365301459583XXXXXXXXXX,1609.86,DR
08-12-2023,NEFT/ICICI BANK/571262973674/HDFC AMC/Transfer,2960.16,DR
08-12-2023,NEFT/YES BANK/749479038746/ABB Dividend/Transfer,1286.58,DR
08-12-2023,NEFT/AXIS BANK/080450618352/MutualFund/Transfer,509.61,DR
08-12-2023,UPI/paytmqr6cu3by@p/Payment for 456/YES BANK/610970016791/RBLc6jc9l7ik056,2898.71,DR
08-12-2023,ACH/HDFC AMC 4491/PR8656720AI07,5030.95,CR
07-12-2023,UPI/blinkit.payu@hd/UPIIntent/HDFC BANK/240176843381/PPPL3530490543095XXXXXXXXXX,2876.34,DR
07-12-2023,NEFT/AXIS BANK/795880567173/HDFC AMC/Transfer,3232.13,DR
07-12-2023,NEFT/AIRTEL PAYMENTS/762210172856/Mazagon Dock/Transfer,882.18,DR
07-12-2023,UPI/zeptomarketplac/Payment from Ph/AIRTEL PAYMENTS/680467864611/PPPLzjraksuwbrfj,3272.39,DR
07-12-2023,UPI/swiggyupi@axb/Payment for 432/ICICI BANK/894317836698/AXLkgmt6121mxgb,3274.09,DR
07-12-2023,UPI/gpay-1124412000/Payment from Ph/AIRTEL PAYMENTS/911090296844/AXLk7r3uov5gjpt,3357.74,DR
07-12-2023,NEFT/ICICI BANK/350339831936/Zerodha/Transfer,3845.32,DR
07-12-2023,UPI/gpay-1124412000/UPIIntent/ICICI BANK/543799953300/PPPL6024286036154XXXXXXXXXX,880.5,DR
07-12-2023,UPI/paytmqr6cu3by@p/Payment for 494/AXIS BANK/817135518426/ICI1d7yx7d4g51e,2909.58,DR
07-12-2023,NEFT/AIRTEL PAYMENTS/500651466883/Mazagon Dock/Transfer,1791.46,DR
06-12-2023,UPI/zeptomarketplac/Payment from Ph/YES BANK/150264313118/PPPLhobtu8fet8aa,978.09,DR
06-12-2023,UPI/zeptomarketplac/UPIIntent/HDFC BANK/754449758218/PPPL8654834959362XXXXXXXXXX,3790.35,DR
06-12-2023,UPI/swiggyupi@axb/Payment for 233/HDFC BANK/972373139523/PPPLsk32klfeq0pg,1510.68,DR
06-12-2023,UPI/gpay-1124412000/UPIIntent/YES BANK/742341822350/PYTM1707446750599XXXXXXXXXX,1581.49,DR
06-12-2023,UPI/swiggyupi@axb/Payment from Ph/AIRTEL PAYMENTS/641947231070/PPPLx1r1rj7luay8,1757.11,DR
06-12-2023,UPI/zeptomarketplac/UPIIntent/ICICI BANK/030971246842/PPPL1514967019240XXXXXXXXXX,2122.26,DR
06-12-2023,UPI/blinkit.payu@hd/Payment from Ph/YES BANK/554289444330/PPPLdp4bykkik8rj,1620.44,DR
06-12-2023,UPI/blinkit.payu@hd/Payment from Ph/YES BANK/971830886553/PPPLacd4mihzmg2d,3714.53,DR
06-12-2023,UPI/paytmqr6cu3by@p/Payment from Ph/YES BANK/019806202612/YBLj79tdhc5lm5s,2695.01,DR
06-12-2023,UPI/gpay-1124412000/UPIIntent/ICICI BANK/003627302876/PPPL4627804174091XXXXXXXXXX,1323.26,DR
05-12-2023,UPI/blinkit.payu@hd/Payment from Ph/AXIS BANK/065125017283/PPPL9ljqslkcy2ut,733.49,DR
05-12-2023,UPI/blinkit.payu@hd/UPIIntent/AXIS BANK/055937780158/PPPL2285399992243XXXXXXXXXX,2587.28,DR
05-12-2023,UPI/blinkit.payu@hd/Payment for 229/AXIS BANK/606015667034/PPPLv4praef8ooi5,2976.53,DR
05-12-2023,UPI/zeptomarketplac/Payment from Ph/AXIS BANK/671088531590/AXLbrhlqbvsvugf,566.2,DR
05-12-2023,NEFT/ICICI BANK/556469504919/Mazagon Dock/Transfer,2243.54,DR
05-12-2023,UPI/blinkit.payu@hd/UPIIntent/YES BANK/654747920293/PYTM5252999311001XXXXXXXXXX,2360.67,DR
05-12-2023,UPI/blinkit.payu@hd/Payment for 240/HDFC BANK/624436854877/AXLw5gf309a6oh0,3489.04,DR
05-12-2023,UPI/swiggyupi@axb/Payment from Ph/AXIS BANK/529706908587/RBLtlo9eytvhh26,3862.74,DR
05-12-2023,UPI/gpay-1124412000/Payment for 856/HDFC BANK/576085351053/ICI5217607pto1k,875.9,DR
05-12-2023,UPI/blinkit.payu@hd/UPIIntent/ICICI BANK/851438507162/PPPL4868929550623XXXXXXXXXX,653.49,DR
04-12-2023,UPI/zeptomarketplac/Payment for 383/YES BANK/747004319851/PPPLmzctfoct1tpe,3624.06,DR
04-12-2023,NEFT/AIRTEL PAYMENTS/462611854089/Mazagon Dock/Transfer,1638.35,DR
04-12-2023,UPI/blinkit.payu@hd/Payment from Ph/ICICI BANK/521728015549/YBLbsvxo6pfo686,2214.14,DR
04-12-2023,NEFT-ICI635148631731-ABB Dividend-A/C-ghvuttg1ejfk-00635148631731-YESB,3533.35,CR
04-12-2023,UPI/zeptomarketplac/Refund from HDFC BANK 674699995287/ICI,3572.27,CR
04-12-2023,UPI/gpay-1124412000/Payment from Ph/AIRTEL PAYMENTS/642220631106/RBLy4gl39m0vkt4,3134.76,DR
04-12-2023,NEFT-PPPL545817229292-Mazagon Dock-A/C-ioshp0fo013v-00545817229292-YESB,4668.29,CR
04-12-2023,UPI/zeptomarketplac/UPIIntent/YES BANK/915322790507/PPPL3641795344074XXXXXXXXXX,621.04,DR
04-12-2023,UPI/blinkit.payu@hd/Payment from Ph/YES BANK/360965994654/PPPLs3b920z3v54s,1437.79,DR
04-12-2023,UPI/blinkit.payu@hd/Payment for 603/HDFC BANK/628857629273/AXLxv3b07phhj0i,1678.94,DR
03-12-2023,NEFT/YES BANK/069611845418/ABB Dividend/Transfer,2552.65,DR
03-12-2023,UPI/blinkit.payu@hd/Payment from Ph/AXIS BANK/829242028023/YBL3s5z9wamrc1f,3302.45,DR
03-12-2023,NEFT/ICICI BANK/993647935746/Zerodha/Transfer,2274.36,DR
03-12-2023,UPI/swiggyupi@axb/Payment for 404/HDFC BANK/980487201943/ICIo1rcqz8kc1g7,2427.76,DR
03-12-2023,UPI/swiggyupi@axb/UPIIntent/AIRTEL PAYMENTS/991871311717/PPPL6674693280794XXXXXXXXXX,3813.79,DR
03-12-2023,UPI/swiggyupi@axb/Payment from Ph/AIRTEL PAYMENTS/179254519425/ICIrhl4fpnjuf32,3751.98,DR
03-12-2023,UPI/gpay-1124412000/Payment for 675/HDFC BANK/234233667421/PPPL3pok4v75wgzl,828.8,DR
03-12-2023,NEFT/HDFC BANK/695557224564/Mazagon Dock/Transfer,573.36,DR
03-12-2023,UPI/zeptomarketplac/Payment from Ph/AIRTEL PAYMENTS/747621916554/PPPLbv4fnfcbf6hw,2701.45,DR
03-12-2023,NEFT/AXIS BANK/749254640690/ABB Dividend/Transfer,533.46,DR
02-12-2023,UPI/swiggyupi@axb/UPIIntent/AXIS BANK/772754319459/PYTM6240515773959XXXXXXXXXX,3598.33,DR
02-12-2023,NEFT/AXIS BANK/304428425602/ABB Dividend/Transfer,1305.54,DR
02-12-2023,UPI/paytmqr6cu3by@p/Payment for 498/AXIS BANK/641147764731/YBLlmep2brppt5q,3202.09,DR
02-12-2023,NEFT/AIRTEL PAYMENTS/989378955136/ABB Dividend/Transfer,1724.5,DR
02-12-2023,UPI/zeptomarketplac/Payment for 919/YES BANK/511503516765/PPPL7n4ocbgwtk9m,1110.42,DR
02-12-2023,UPI/gpay-1124412000/UPIIntent/AIRTEL PAYMENTS/210629640434/PYTM3970742929482XXXXXXXXXX,3901.63,DR
02-12-2023,UPI/zeptomarketplac/Payment for 177/HDFC BANK/874686335351/PPPLnyyu809vc0ji,2530.05,DR
02-12-2023,UPI/blinkit.payu@hd/UPIIntent/YES BANK/587590211677/PYTM8682726725792XXXXXXXXXX,652.09,DR
02-12-2023,UPI/swiggyupi@axb/Payment for 105/AXIS BANK/793077636085/ICIjpnw69htqvqz,907.13,DR
02-12-2023,UPI/blinkit.payu@hd/Payment for 533/ICICI BANK/719158065647/PPPLe6ivfwyfm9b3,2457.62,DR
01-12-2023,UPI/gpay-1124412000/Payment from Ph/YES BANK/156476366052/RBL52l8dgzmgtpb,2581.75,DR
01-12-2023,UPI/zeptomarketplac/UPIIntent/YES BANK/850619799148/PYTM3649529539046XXXXXXXXXX,745.33,DR
01-12-2023,UPI/gpay-1124412000/Payment for 295/AXIS BANK/545152357803/RBLsnca7i8tghnv,2545.53,DR
01-12-2023,UPI/blinkit.payu@hd/UPIIntent/HDFC BANK/956252830671/PPPL6521374376631XXXXXXXXXX,560.76,DR
01-12-2023,UPI/swiggyupi@axb/UPIIntent/AIRTEL PAYMENTS/899008737134/PYTM3711173290150XXXXXXXXXX,2283.56,DR
01-12-2023,UPI/paytmqr6cu3by@p/Payment for 258/ICICI BANK/892431473813/ICIk5keidn88wl0,871.77,DR
01-12-2023,UPI/zeptomarketplac/Payment from Ph/YES BANK/651742627752/YBLvs6h2rpua2ab,544.8,DR
01-12-2023,NEFT/ICICI BANK/300817706598/Mazagon Dock/Transfer,2894.8,DR
01-12-2023,NEFT/ICICI BANK/216360688790/Mazagon Dock/Transfer,1828.74,DR
01-12-2023,UPI/swiggyupi@axb/Payment for 354/YES BANK/266749994579/AXLvmlna1cz1sqv,2450.62,DR
